sous_zone;point_strategique_kind;point_strategique_nom;rue
1;Rue;Rue Cossette;20
1;Rue;Rue Cossette;22B
1;Rue;Rue Cossette;3 (option)
1;Rue;Rue Cossette;Accès
1;Rue;Rue Cossette;Place des Écorceurs
1;Rue;Rue Cossette;Rang Saint-Pierre
1;Rue;Rue Cossette;Rue Baudelaire
1;Rue;Rue Cossette;Rue Bersimis
1;Rue;Rue Cossette;Rue Brébeuf
1;Rue;Rue Cossette;Rue Cossette
1;Rue;Rue Cossette;Rue Courtois
1;Rue;Rue Cossette;Rue Descartes
1;Rue;Rue Cossette;Rue Gabriel-Druillettes
1;Rue;Rue Cossette;Rue Garnier
1;Rue;Rue Cossette;Rue Grimm
1;Rue;Rue Cossette;Rue Hémingway
1;Rue;Rue Cossette;Rue Jeanne Mance
1;Rue;Rue Cossette;Rue Jolliet
1;Rue;Rue Cossette;Rue Louis Fréchette
1;Rue;Rue Cossette;Rue Légaré
1;Rue;Rue Cossette;Rue Marquette
1;Rue;Rue Cossette;Rue Martin-Bouvard
1;Rue;Rue Cossette;Rue Molière
1;Rue;Rue Cossette;Rue Montmagny
1;Rue;Rue Cossette;Rue Perreault
1;Rue;Rue Cossette;Rue Pouliot
1;Rue;Rue Cossette;Rue Roy
1;Rue;Rue Cossette;Rue Saint-Augustin
1;Rue;Rue Cossette;Rue Victor-Guimond
1;Rue;Rue Cossette;Rue Voltaire
1;Rue;Rue Cossette;Rue de Lachevrotière
1;Rue;Rue Cossette;Rue de Nicolas Pelletier
1;Rue;Rue Cossette;Rue de l'Ecluse
1;Rue;Rue Cossette;Rue de l'Estacade
1;Rue;Rue Cossette;Rue de la Grande
1;Rue;Rue Cossette;Rue de la Manouane
1;Rue;Rue Cossette;Rue de la Papetière
1;Rue;Rue Cossette;Rue de la Pulpe
1;Rue;Rue Cossette;Rue des Actionnaires
1;Rue;Rue Cossette;Rue des Affaires
1;Rue;Rue Cossette;Rue des Draveurs
1;Rue;Rue Cossette;Rue des Défibreurs
1;Rue;Rue Cossette;Rue des Investisseurs
1;Rue;Rue Cossette;Rue des Outardes
1;Rue;Rue Cossette;Rue des Presses
1;Rue;Rue Cossette;Rue des Raffineurs
1;Rue;Rue Cossette;Rue des Sociétaires
1;Rue;Rue Cossette;Rue des Tamis
1;Rue;Rue Cossette;Rue des Turbines
1;Rue;Rue Cossette;Rue des Vannes
1;Rue;Rue Cossette;Rue du Barrage
1;Rue;Rue Cossette;Rue du Belvédère
1;Rue;Rue Cossette;Rue du Canal
1;Rue;Rue Cossette;Rue du Cran
1;Rue;Rue Cossette;Rue du Mont-Sainte-Claire
1;Rue;Rue Cossette;Rue du Séchoir
1;Rue;Rue Cossette;Rue la Brosse
2;Quartier;Hamel-Fradette-Gobeil;Rue Adélard-Gobeil
2;Quartier;Hamel-Fradette-Gobeil;Rue Anthyme-Larouche
2;Quartier;Hamel-Fradette-Gobeil;Rue Arthur-Hamel
2;Quartier;Hamel-Fradette-Gobeil;Rue Beauregard
2;Quartier;Hamel-Fradette-Gobeil;Rue Couturier
2;Quartier;Hamel-Fradette-Gobeil;Rue Desaulniers
2;Quartier;Hamel-Fradette-Gobeil;Rue Desbiens
2;Quartier;Hamel-Fradette-Gobeil;Rue Ferland
2;Quartier;Hamel-Fradette-Gobeil;Rue Fradette
2;Quartier;Hamel-Fradette-Gobeil;Rue Félix-Antoine-Savard
2;Quartier;Hamel-Fradette-Gobeil;Rue Henri-Martin
2;Quartier;Hamel-Fradette-Gobeil;Rue Honoré-Mercier
2;Quartier;Hamel-Fradette-Gobeil;Rue Jacques-Bacon
2;Quartier;Hamel-Fradette-Gobeil;Rue Jean-Langevin
2;Quartier;Hamel-Fradette-Gobeil;Rue Jeanne-Le Ber
2;Quartier;Hamel-Fradette-Gobeil;Rue Jules-Huot
2;Quartier;Hamel-Fradette-Gobeil;Rue King
2;Quartier;Hamel-Fradette-Gobeil;Rue Laberge
2;Quartier;Hamel-Fradette-Gobeil;Rue Marie-Rollet
2;Quartier;Hamel-Fradette-Gobeil;Rue McNicoll
2;Quartier;Hamel-Fradette-Gobeil;Rue Melançon
2;Quartier;Hamel-Fradette-Gobeil;Rue Mies-Van der Rohe
2;Quartier;Hamel-Fradette-Gobeil;Rue Monseigneur-Laflamme
2;Quartier;Hamel-Fradette-Gobeil;Rue Nil-Tremblay
2;Quartier;Hamel-Fradette-Gobeil;Rue Notre-Dame
2;Quartier;Hamel-Fradette-Gobeil;Rue Paré
2;Quartier;Hamel-Fradette-Gobeil;Rue Perron
2;Quartier;Hamel-Fradette-Gobeil;Rue Pilote
2;Quartier;Hamel-Fradette-Gobeil;Rue Renaud
2;Quartier;Hamel-Fradette-Gobeil;Rue Saint-Isidore
2;Quartier;Hamel-Fradette-Gobeil;Rue Saint-Thimothée
2;Quartier;Hamel-Fradette-Gobeil;Rue Therrien
2;Quartier;Hamel-Fradette-Gobeil;Rue Théodore-Côté
2;Quartier;Hamel-Fradette-Gobeil;Rue Vézina
2;Quartier;Hamel-Fradette-Gobeil;Rue d'Anjou
2;Quartier;Hamel-Fradette-Gobeil;Rue d'Aunis
2;Quartier;Hamel-Fradette-Gobeil;Rue d'Auteuil
2;Quartier;Hamel-Fradette-Gobeil;Rue d'Auvergne
2;Quartier;Hamel-Fradette-Gobeil;Rue de Bretagne
2;Quartier;Hamel-Fradette-Gobeil;Rue de Brouage
2;Quartier;Hamel-Fradette-Gobeil;Rue de Gascogne
2;Quartier;Hamel-Fradette-Gobeil;Rue de Honfleur
2;Quartier;Hamel-Fradette-Gobeil;Rue de Nantes
2;Quartier;Hamel-Fradette-Gobeil;Rue de Normandie
2;Quartier;Hamel-Fradette-Gobeil;Rue de Paris
2;Quartier;Hamel-Fradette-Gobeil;Rue de Provence
2;Quartier;Hamel-Fradette-Gobeil;Rue de Roussillon
2;Quartier;Hamel-Fradette-Gobeil;Rue de Vendée
2;Quartier;Hamel-Fradette-Gobeil;Rue de l'Alsace
2;Quartier;Hamel-Fradette-Gobeil;Rue de l'Assomption
2;Quartier;Hamel-Fradette-Gobeil;Rue de la Chute
2;Quartier;Hamel-Fradette-Gobeil;Rue de la Gravière
2;Quartier;Hamel-Fradette-Gobeil;Rue de la Rochelle
2;Quartier;Hamel-Fradette-Gobeil;Rue de la Terrasse
2;Quartier;Hamel-Fradette-Gobeil;Rue des Cerisiers
2;Quartier;Hamel-Fradette-Gobeil;Rue des Cormiers
2;Quartier;Hamel-Fradette-Gobeil;Rue des Cèdres
2;Quartier;Hamel-Fradette-Gobeil;Rue des Frênes
2;Quartier;Hamel-Fradette-Gobeil;Rue des Ormes
2;Quartier;Hamel-Fradette-Gobeil;Rue des Pins
2;Quartier;Hamel-Fradette-Gobeil;Rue des Tilleuls
2;Quartier;Hamel-Fradette-Gobeil;Rue des Érables
2;Quartier;Hamel-Fradette-Gobeil;Rue du Bois-Joli
2;Quartier;Hamel-Fradette-Gobeil;Rue du Charolais
2;Quartier;Hamel-Fradette-Gobeil;Rue du Chemin-du-Golf
2;Quartier;Hamel-Fradette-Gobeil;Rue du Foyer
2;Quartier;Hamel-Fradette-Gobeil;Rue du Languedoc
2;Quartier;Hamel-Fradette-Gobeil;Rue du Lavandou
2;Quartier;Hamel-Fradette-Gobeil;Rue du Luberon
2;Quartier;Hamel-Fradette-Gobeil;Rue du Parc
2;Quartier;Hamel-Fradette-Gobeil;Rue du Perche
2;Quartier;Hamel-Fradette-Gobeil;Rue du Poitou
2;Quartier;Hamel-Fradette-Gobeil;Rue du Père-Fiset
2;Quartier;Hamel-Fradette-Gobeil;Rue du Père-Garin
2;Quartier;Hamel-Fradette-Gobeil;Rue du Père-Honorat
2;Quartier;Hamel-Fradette-Gobeil;Rue du Sacré-Coeur
2;Quartier;Hamel-Fradette-Gobeil;Ruelle Raymond
2;Quartier;Hamel-Fradette-Gobeil;Sentier des Moulins
3;Quartier;Chicoutimi-Nord;Boulevard Sainte-Geneviève
3;Quartier;Chicoutimi-Nord;Boulevard de Tadoussac
3;Quartier;Chicoutimi-Nord;Boulevard du Saguenay Ouest
3;Quartier;Chicoutimi-Nord;Place de la Colline
3;Quartier;Chicoutimi-Nord;Pont de Sainte-Anne
3;Quartier;Chicoutimi-Nord;Rue Albert
3;Quartier;Chicoutimi-Nord;Rue Bouchard
3;Quartier;Chicoutimi-Nord;Rue Cabot
3;Quartier;Chicoutimi-Nord;Rue Casault
3;Quartier;Chicoutimi-Nord;Rue Chapais
3;Quartier;Chicoutimi-Nord;Rue Constantin
3;Quartier;Chicoutimi-Nord;Rue Coulombe
3;Quartier;Chicoutimi-Nord;Rue David
3;Quartier;Chicoutimi-Nord;Rue Delisle
3;Quartier;Chicoutimi-Nord;Rue Frontenac
3;Quartier;Chicoutimi-Nord;Rue Fréchette
3;Quartier;Chicoutimi-Nord;Rue Fénelon
3;Quartier;Chicoutimi-Nord;Rue Harry
3;Quartier;Chicoutimi-Nord;Rue Hoffman
3;Quartier;Chicoutimi-Nord;Rue Jobin
3;Quartier;Chicoutimi-Nord;Rue Lalemant
3;Quartier;Chicoutimi-Nord;Rue Ludovic
3;Quartier;Chicoutimi-Nord;Rue Masson
3;Quartier;Chicoutimi-Nord;Rue Monseigneur-Martel
3;Quartier;Chicoutimi-Nord;Rue Phydime
3;Quartier;Chicoutimi-Nord;Rue Pie-XII
3;Quartier;Chicoutimi-Nord;Rue Pépin
3;Quartier;Chicoutimi-Nord;Rue Rhainds
3;Quartier;Chicoutimi-Nord;Rue Riel
3;Quartier;Chicoutimi-Nord;Rue Rodolphe
3;Quartier;Chicoutimi-Nord;Rue Saint-Albert
3;Quartier;Chicoutimi-Nord;Rue Saint-Alexandre
3;Quartier;Chicoutimi-Nord;Rue Saint-Alexis
3;Quartier;Chicoutimi-Nord;Rue Saint-Ambroise
3;Quartier;Chicoutimi-Nord;Rue Saint-André
3;Quartier;Chicoutimi-Nord;Rue Saint-Bruno
3;Quartier;Chicoutimi-Nord;Rue Saint-Calixte
3;Quartier;Chicoutimi-Nord;Rue Saint-Donat
3;Quartier;Chicoutimi-Nord;Rue Saint-François
3;Quartier;Chicoutimi-Nord;Rue Saint-Gérard
3;Quartier;Chicoutimi-Nord;Rue Saint-Laurent
3;Quartier;Chicoutimi-Nord;Rue Saint-Marc
3;Quartier;Chicoutimi-Nord;Rue Saint-Marcel
3;Quartier;Chicoutimi-Nord;Rue Saint-Nicolas
3;Quartier;Chicoutimi-Nord;Rue Saint-Roch
3;Quartier;Chicoutimi-Nord;Rue Saint-Éphrem
3;Quartier;Chicoutimi-Nord;Rue Saint-Épiphane
3;Quartier;Chicoutimi-Nord;Rue Saint-Étienne
3;Quartier;Chicoutimi-Nord;Rue Sainte-Élisabeth
3;Quartier;Chicoutimi-Nord;Rue Sauvé
3;Quartier;Chicoutimi-Nord;Rue Simard
3;Quartier;Chicoutimi-Nord;Rue Talon
3;Quartier;Chicoutimi-Nord;Rue Victor
3;Quartier;Chicoutimi-Nord;Rue de Beloeil
3;Quartier;Chicoutimi-Nord;Rue de Chantilly
3;Quartier;Chicoutimi-Nord;Rue de l'Aréna
3;Quartier;Chicoutimi-Nord;Rue de la Croix
3;Quartier;Chicoutimi-Nord;Rue de la Fabrique
3;Quartier;Chicoutimi-Nord;Rue de la Liberté
3;Quartier;Chicoutimi-Nord;Rue de la Paix
3;Quartier;Chicoutimi-Nord;Rue de la Promenade
3;Quartier;Chicoutimi-Nord;Rue de la Reine
3;Quartier;Chicoutimi-Nord;Rue de la Victoire
3;Quartier;Chicoutimi-Nord;Rue des Bouleaux
3;Quartier;Chicoutimi-Nord;Rue des Champs
3;Quartier;Chicoutimi-Nord;Rue des Glaïeuls
3;Quartier;Chicoutimi-Nord;Rue des Hydrangées
3;Quartier;Chicoutimi-Nord;Rue des Iris
3;Quartier;Chicoutimi-Nord;Rue du Cap
3;Quartier;Chicoutimi-Nord;Rue du Carignan
3;Quartier;Chicoutimi-Nord;Rue du Carillon
3;Quartier;Chicoutimi-Nord;Rue du Pont
4;Quartier;Des Oiseaux;Boulevard Talbot
4;Quartier;Des Oiseaux;Chemin Papawétish
4;Quartier;Des Oiseaux;Chemin de l'Eau vive
4;Quartier;Des Oiseaux;Chemin de la Reverdie
4;Quartier;Des Oiseaux;Chemin des Champs
4;Quartier;Des Oiseaux;Chemin des Coulées
4;Quartier;Des Oiseaux;Chemin des Rivages
4;Quartier;Des Oiseaux;Chemin du Planiol
4;Quartier;Des Oiseaux;Rue Adélard-Plourde
4;Quartier;Des Oiseaux;Rue Alfred-Rouleau
4;Quartier;Des Oiseaux;Rue Alphonse-Desjardins
4;Quartier;Des Oiseaux;Rue Bach
4;Quartier;Des Oiseaux;Rue Belleau
4;Quartier;Des Oiseaux;Rue Berthiaume
4;Quartier;Des Oiseaux;Rue Bizet
4;Quartier;Des Oiseaux;Rue Cyrille-Vaillancourt
4;Quartier;Des Oiseaux;Rue Côté
4;Quartier;Des Oiseaux;Rue Des Jésuites
4;Quartier;Des Oiseaux;Rue Des Maristes
4;Quartier;Des Oiseaux;Rue Don-Bosco
4;Quartier;Des Oiseaux;Rue Ducharme
4;Quartier;Des Oiseaux;Rue Duchesne
4;Quartier;Des Oiseaux;Rue Duhaime
4;Quartier;Des Oiseaux;Rue Goulet
4;Quartier;Des Oiseaux;Rue Hélène Boulé
4;Quartier;Des Oiseaux;Rue Jean Bourdon
4;Quartier;Des Oiseaux;Rue Louis-Francoeur
4;Quartier;Des Oiseaux;Rue Olivar-Asselin
4;Quartier;Des Oiseaux;Rue Plamondon
4;Quartier;Des Oiseaux;Rue Ravel
4;Quartier;Des Oiseaux;Rue Saint-Siméon
4;Quartier;Des Oiseaux;Rue Taillon
4;Quartier;Des Oiseaux;Rue Vilmont-Fortin
4;Quartier;Des Oiseaux;Rue de Clermont
4;Quartier;Des Oiseaux;Rue de Saint-Irénée
4;Quartier;Des Oiseaux;Rue des Aigles
4;Quartier;Des Oiseaux;Rue des Arlequins
4;Quartier;Des Oiseaux;Rue des Bernaches
4;Quartier;Des Oiseaux;Rue des Bruants
4;Quartier;Des Oiseaux;Rue des Bécasses
4;Quartier;Des Oiseaux;Rue des Chardonnerets
4;Quartier;Des Oiseaux;Rue des Chevaliers
4;Quartier;Des Oiseaux;Rue des Chouettes
4;Quartier;Des Oiseaux;Rue des Cigognes
4;Quartier;Des Oiseaux;Rue des Colibris
4;Quartier;Des Oiseaux;Rue des Colombes
4;Quartier;Des Oiseaux;Rue des Condors
4;Quartier;Des Oiseaux;Rue des Cormorans
4;Quartier;Des Oiseaux;Rue des Crécerelles
4;Quartier;Des Oiseaux;Rue des Cygnes
4;Quartier;Des Oiseaux;Rue des Engoulevents
4;Quartier;Des Oiseaux;Rue des Faucons
4;Quartier;Des Oiseaux;Rue des Fauvettes
4;Quartier;Des Oiseaux;Rue des Geais-Bleus
4;Quartier;Des Oiseaux;Rue des Goélands
4;Quartier;Des Oiseaux;Rue des Grands-Ducs
4;Quartier;Des Oiseaux;Rue des Grives
4;Quartier;Des Oiseaux;Rue des Harfangs
4;Quartier;Des Oiseaux;Rue des Hiboux
4;Quartier;Des Oiseaux;Rue des Hirondelles
4;Quartier;Des Oiseaux;Rue des Hérons
4;Quartier;Des Oiseaux;Rue des Jaseurs
4;Quartier;Des Oiseaux;Rue des Laurentides
4;Quartier;Des Oiseaux;Rue des Martinets
4;Quartier;Des Oiseaux;Rue des Merlebleus
4;Quartier;Des Oiseaux;Rue des Morillons
4;Quartier;Des Oiseaux;Rue des Mésanges
4;Quartier;Des Oiseaux;Rue des Passerins
4;Quartier;Des Oiseaux;Rue des Perdrix
4;Quartier;Des Oiseaux;Rue des Pigeons
4;Quartier;Des Oiseaux;Rue des Pinsons
4;Quartier;Des Oiseaux;Rue des Pluviers
4;Quartier;Des Oiseaux;Rue des Roselins
4;Quartier;Des Oiseaux;Rue des Saguenéens
4;Quartier;Des Oiseaux;Rue des Sapins
4;Quartier;Des Oiseaux;Rue des Sarcelles
4;Quartier;Des Oiseaux;Rue des Sittelles
4;Quartier;Des Oiseaux;Rue des Sizerins
4;Quartier;Des Oiseaux;Rue des Sternes
4;Quartier;Des Oiseaux;Rue des Tangaras
4;Quartier;Des Oiseaux;Rue des Tourterelles
4;Quartier;Des Oiseaux;Rue des Viréos
4;Quartier;Des Oiseaux;Rue du Domaine-de-l'Épervier
4;Quartier;Des Oiseaux;Rue Émile-Girardin
5;Quartier;Pulperie de Chicoutimi;2B
5;Quartier;Pulperie de Chicoutimi;2C
5;Quartier;Pulperie de Chicoutimi;Chemin de la Réserve
5;Quartier;Pulperie de Chicoutimi;Côte Fortin
5;Quartier;Pulperie de Chicoutimi;Côte Saint-Ange
5;Quartier;Pulperie de Chicoutimi;Marie Guyart
5;Quartier;Pulperie de Chicoutimi;Rue Alain
5;Quartier;Pulperie de Chicoutimi;Rue Albanel
5;Quartier;Pulperie de Chicoutimi;Rue Arnaud
5;Quartier;Pulperie de Chicoutimi;Rue Blais
5;Quartier;Pulperie de Chicoutimi;Rue Boily
5;Quartier;Pulperie de Chicoutimi;Rue Boulianne
5;Quartier;Pulperie de Chicoutimi;Rue Brassard
5;Quartier;Pulperie de Chicoutimi;Rue Caron
5;Quartier;Pulperie de Chicoutimi;Rue Casgrain
5;Quartier;Pulperie de Chicoutimi;Rue Chauvin
5;Quartier;Pulperie de Chicoutimi;Rue Cimon
5;Quartier;Pulperie de Chicoutimi;Rue Cloutier
5;Quartier;Pulperie de Chicoutimi;Rue Comeau
5;Quartier;Pulperie de Chicoutimi;Rue Couture
5;Quartier;Pulperie de Chicoutimi;Rue Crémazie
5;Quartier;Pulperie de Chicoutimi;Rue Dablon
5;Quartier;Pulperie de Chicoutimi;Rue De Quen
5;Quartier;Pulperie de Chicoutimi;Rue Desgagné
5;Quartier;Pulperie de Chicoutimi;Rue Dréan
5;Quartier;Pulperie de Chicoutimi;Rue Dubuc
5;Quartier;Pulperie de Chicoutimi;Rue Dutil
5;Quartier;Pulperie de Chicoutimi;Rue Duvernay
5;Quartier;Pulperie de Chicoutimi;Rue Fafard
5;Quartier;Pulperie de Chicoutimi;Rue Gagnon
5;Quartier;Pulperie de Chicoutimi;Rue Garneau
5;Quartier;Pulperie de Chicoutimi;Rue Gendron
5;Quartier;Pulperie de Chicoutimi;Rue Gosselin
5;Quartier;Pulperie de Chicoutimi;Rue Henri Bourassa
5;Quartier;Pulperie de Chicoutimi;Rue Hertel
5;Quartier;Pulperie de Chicoutimi;Rue Hébert
5;Quartier;Pulperie de Chicoutimi;Rue J.-R.-Théberge
5;Quartier;Pulperie de Chicoutimi;Rue Langlois
5;Quartier;Pulperie de Chicoutimi;Rue Lapointe
5;Quartier;Pulperie de Chicoutimi;Rue Laviolette
5;Quartier;Pulperie de Chicoutimi;Rue Legrand
5;Quartier;Pulperie de Chicoutimi;Rue Lejeune
5;Quartier;Pulperie de Chicoutimi;Rue Marguerite-Bourgeoys
5;Quartier;Pulperie de Chicoutimi;Rue McLaren
5;Quartier;Pulperie de Chicoutimi;Rue Murray
5;Quartier;Pulperie de Chicoutimi;Rue Nio
5;Quartier;Pulperie de Chicoutimi;Rue Normandin
5;Quartier;Pulperie de Chicoutimi;Rue Omer
5;Quartier;Pulperie de Chicoutimi;Rue Philips
5;Quartier;Pulperie de Chicoutimi;Rue Ringuette
5;Quartier;Pulperie de Chicoutimi;Rue Rioux
5;Quartier;Pulperie de Chicoutimi;Rue Ross
5;Quartier;Pulperie de Chicoutimi;Rue Sagard
5;Quartier;Pulperie de Chicoutimi;Rue Saint Cyrille
5;Quartier;Pulperie de Chicoutimi;Rue Saint Onésime
5;Quartier;Pulperie de Chicoutimi;Rue Saint-Arthur
5;Quartier;Pulperie de Chicoutimi;Rue Saint-Gabriel
5;Quartier;Pulperie de Chicoutimi;Rue Saint-Henri
5;Quartier;Pulperie de Chicoutimi;Rue Saint-Hilaire
5;Quartier;Pulperie de Chicoutimi;Rue Saint-Jean
5;Quartier;Pulperie de Chicoutimi;Rue Saint-Louis
5;Quartier;Pulperie de Chicoutimi;Rue Saint-Léon
5;Quartier;Pulperie de Chicoutimi;Rue Saint-Paul
5;Quartier;Pulperie de Chicoutimi;Rue Sainte-Cécile
5;Quartier;Pulperie de Chicoutimi;Rue Sainte-Thérèse
5;Quartier;Pulperie de Chicoutimi;Rue Simpson
5;Quartier;Pulperie de Chicoutimi;Rue Taché
5;Quartier;Pulperie de Chicoutimi;Rue Thomas Duperré
5;Quartier;Pulperie de Chicoutimi;Rue Verreault
5;Quartier;Pulperie de Chicoutimi;Rue Vilmond
5;Quartier;Pulperie de Chicoutimi;Rue Warren
5;Quartier;Pulperie de Chicoutimi;Rue de Fontainebleau
5;Quartier;Pulperie de Chicoutimi;Rue de Régina
5;Quartier;Pulperie de Chicoutimi;Rue des Clairons
5;Quartier;Pulperie de Chicoutimi;Rue des Hauts-Jardins
5;Quartier;Pulperie de Chicoutimi;Rue des Tuileries
5;Quartier;Pulperie de Chicoutimi;Rue du Stade
5;Quartier;Pulperie de Chicoutimi;Rue le Doré
5;Quartier;Pulperie de Chicoutimi;Rue Émile-Grouard
5;Quartier;Pulperie de Chicoutimi;Ruelle Bilodeau
5;Quartier;Pulperie de Chicoutimi;Ruelle Grenon
5;Quartier;Pulperie de Chicoutimi;Ruelle Saint-Félix
6;Quartier;Le Bassin;Boulevard Saint-Sacrement
6;Quartier;Le Bassin;Boulevard de l'Université
6;Quartier;Le Bassin;Boulevard du Saguenay Est
6;Quartier;Le Bassin;Chemin Saint-Thomas
6;Quartier;Le Bassin;Pont Dubuc
6;Quartier;Le Bassin;Promenade du Carnaval-Souvenir
6;Quartier;Le Bassin;Rue Arthur-Buies
6;Quartier;Le Bassin;Rue Audet
6;Quartier;Le Bassin;Rue Blanchette
6;Quartier;Le Bassin;Rue Bossé
6;Quartier;Le Bassin;Rue Bégin
6;Quartier;Le Bassin;Rue Champlain
6;Quartier;Le Bassin;Rue Coquart
6;Quartier;Le Bassin;Rue D'Youville
6;Quartier;Le Bassin;Rue De Verchères
6;Quartier;Le Bassin;Rue Delage
6;Quartier;Le Bassin;Rue Des Eudistes
6;Quartier;Le Bassin;Rue Des Oblats Est
6;Quartier;Le Bassin;Rue Dubé
6;Quartier;Le Bassin;Rue François-Rénald
6;Quartier;Le Bassin;Rue Gaudreault
6;Quartier;Le Bassin;Rue Gauthier
6;Quartier;Le Bassin;Rue Georges-Vanier
6;Quartier;Le Bassin;Rue Gilbert
6;Quartier;Le Bassin;Rue Jacques-Cartier Ouest
6;Quartier;Le Bassin;Rue Jauffret
6;Quartier;Le Bassin;Rue Julien
6;Quartier;Le Bassin;Rue La Fontaine
6;Quartier;Le Bassin;Rue LaFontaine
6;Quartier;Le Bassin;Rue Labrecque
6;Quartier;Le Bassin;Rue Laurier
6;Quartier;Le Bassin;Rue Laval
6;Quartier;Le Bassin;Rue Lemieux
6;Quartier;Le Bassin;Rue Lorne Est
6;Quartier;Le Bassin;Rue Lorne Ouest
6;Quartier;Le Bassin;Rue Lévesque Est
6;Quartier;Le Bassin;Rue Lévesque Ouest
6;Quartier;Le Bassin;Rue Lévis
6;Quartier;Le Bassin;Rue Maltais
6;Quartier;Le Bassin;Rue Montcalm
6;Quartier;Le Bassin;Rue Morin
6;Quartier;Le Bassin;Rue Paquet
6;Quartier;Le Bassin;Rue Parent
6;Quartier;Le Bassin;Rue Petit
6;Quartier;Le Bassin;Rue Price Est
6;Quartier;Le Bassin;Rue Price Ouest
6;Quartier;Le Bassin;Rue Racine Ouest
6;Quartier;Le Bassin;Rue Riverin
6;Quartier;Le Bassin;Rue Saint-Antoine
6;Quartier;Le Bassin;Rue Saint-Charles
6;Quartier;Le Bassin;Rue Saint-Dominique Est
6;Quartier;Le Bassin;Rue Saint-Dominique Ouest
6;Quartier;Le Bassin;Rue Saint-Famille
6;Quartier;Le Bassin;Rue Saint-François-Xavier
6;Quartier;Le Bassin;Rue Saint-Georges
6;Quartier;Le Bassin;Rue Saint-Hubert
6;Quartier;Le Bassin;Rue Saint-Jacques
6;Quartier;Le Bassin;Rue Saint-Joseph
6;Quartier;Le Bassin;Rue Saint-Luc
6;Quartier;Le Bassin;Rue Saint-Philippe
6;Quartier;Le Bassin;Rue Saint-Pierre
6;Quartier;Le Bassin;Rue Saint-Sacrement
6;Quartier;Le Bassin;Rue Saint-Vincent
6;Quartier;Le Bassin;Rue Sainte-Anne
6;Quartier;Le Bassin;Rue Sainte-Marthe
6;Quartier;Le Bassin;Rue Savard
6;Quartier;Le Bassin;Rue Smith Est
6;Quartier;Le Bassin;Rue Smith Ouest
6;Quartier;Le Bassin;Rue Tessier
6;Quartier;Le Bassin;Rue Tremblay
6;Quartier;Le Bassin;Rue Villeneuve
6;Quartier;Le Bassin;Rue William Est
6;Quartier;Le Bassin;Rue William Ouest
6;Quartier;Le Bassin;Rue de l'Hôtel-Dieu
6;Quartier;Le Bassin;Rue de l'Hôtel-de-Ville
6;Quartier;Le Bassin;Rue de la Cascade
6;Quartier;Le Bassin;Rue de la Colline
6;Quartier;Le Bassin;Rue de la Place-d'Armes
6;Quartier;Le Bassin;Rue de la Science
6;Quartier;Le Bassin;Rue des Peupliers
6;Quartier;Le Bassin;Rue du Havre
6;Quartier;Le Bassin;Ruelle Dubois
6;Quartier;Le Bassin;Ruelle du Court-Métrage
7;Quartier;Saint-Nom-de-Jésus;Rue Adrien
7;Quartier;Saint-Nom-de-Jésus;Rue Boileau
7;Quartier;Saint-Nom-de-Jésus;Rue Bourget
7;Quartier;Saint-Nom-de-Jésus;Rue Buies
7;Quartier;Saint-Nom-de-Jésus;Rue Clément
7;Quartier;Saint-Nom-de-Jésus;Rue Colbert
7;Quartier;Saint-Nom-de-Jésus;Rue Condé
7;Quartier;Saint-Nom-de-Jésus;Rue Cyprien
7;Quartier;Saint-Nom-de-Jésus;Rue De Bienville
7;Quartier;Saint-Nom-de-Jésus;Rue Fleury
7;Quartier;Saint-Nom-de-Jésus;Rue Labonté
7;Quartier;Saint-Nom-de-Jésus;Rue Laniel
7;Quartier;Saint-Nom-de-Jésus;Rue Louvois
7;Quartier;Saint-Nom-de-Jésus;Rue Léonidas-Bélanger
7;Quartier;Saint-Nom-de-Jésus;Rue Michaud
7;Quartier;Saint-Nom-de-Jésus;Rue Napoléon
7;Quartier;Saint-Nom-de-Jésus;Rue Olier
7;Quartier;Saint-Nom-de-Jésus;Rue Potvin
7;Quartier;Saint-Nom-de-Jésus;Rue Racine Est
7;Quartier;Saint-Nom-de-Jésus;Rue Richard
7;Quartier;Saint-Nom-de-Jésus;Rue Richmond
7;Quartier;Saint-Nom-de-Jésus;Rue Roussel
7;Quartier;Saint-Nom-de-Jésus;Rue Saint-Benoît
7;Quartier;Saint-Nom-de-Jésus;Rue Saint-Vallier
7;Quartier;Saint-Nom-de-Jésus;Rue Saint-Émile
7;Quartier;Saint-Nom-de-Jésus;Rue Sainte-Claire
7;Quartier;Saint-Nom-de-Jésus;Rue Salaberry
7;Quartier;Saint-Nom-de-Jésus;Rue Viau
7;Quartier;Saint-Nom-de-Jésus;Rue de Beauvoir
7;Quartier;Saint-Nom-de-Jésus;Rue de Belleville
7;Quartier;Saint-Nom-de-Jésus;Rue de Victoria
7;Quartier;Saint-Nom-de-Jésus;Rue de l'École
7;Quartier;Saint-Nom-de-Jésus;Rue de la Falaise
7;Quartier;Saint-Nom-de-Jésus;Rue des Remparts
7;Quartier;Saint-Nom-de-Jésus;Rue du Beaujolais
7;Quartier;Saint-Nom-de-Jésus;Rue du Bon-Conseil
7;Quartier;Saint-Nom-de-Jésus;Rue du Cap-Saint-François
7;Quartier;Saint-Nom-de-Jésus;Rue du Rocher
7;Quartier;Saint-Nom-de-Jésus;Rue du Rosaire
7;Quartier;Saint-Nom-de-Jésus;Rue du Régent
7;Quartier;Saint-Nom-de-Jésus;Rue du Séminaire
7;Quartier;Saint-Nom-de-Jésus;Rue le Moyne
7;Quartier;Saint-Nom-de-Jésus;Rue Émilien
7;Quartier;Saint-Nom-de-Jésus;Rue Évangéline
7;Quartier;Saint-Nom-de-Jésus;Sentier parc bon-air
8;Quartier;Des Vingt-et-Un;Autoroute de l'Aluminium
8;Quartier;Des Vingt-et-Un;Boulevard Barrette
8;Quartier;Des Vingt-et-Un;Boulevard Saint-Paul
8;Quartier;Des Vingt-et-Un;Croissant Rabelais
8;Quartier;Des Vingt-et-Un;Place de Chande
8;Quartier;Des Vingt-et-Un;Rue Albert-Sorel
8;Quartier;Des Vingt-et-Un;Rue Antonin-Artaud
8;Quartier;Des Vingt-et-Un;Rue Ballantyne
8;Quartier;Des Vingt-et-Un;Rue Balzac
8;Quartier;Des Vingt-et-Un;Rue Blackburn
8;Quartier;Des Vingt-et-Un;Rue Boris-Vian
8;Quartier;Des Vingt-et-Un;Rue Brisay
8;Quartier;Des Vingt-et-Un;Rue Calvin
8;Quartier;Des Vingt-et-Un;Rue Charles-Bazire
8;Quartier;Des Vingt-et-Un;Rue Colette
8;Quartier;Des Vingt-et-Un;Rue De Musset
8;Quartier;Des Vingt-et-Un;Rue Des Explorateurs
8;Quartier;Des Vingt-et-Un;Rue Des Gouverneurs
8;Quartier;Des Vingt-et-Un;Rue Des Éboulements
8;Quartier;Des Vingt-et-Un;Rue Dumas
8;Quartier;Des Vingt-et-Un;Rue Flaubert
8;Quartier;Des Vingt-et-Un;Rue Félix-Leclerc
8;Quartier;Des Vingt-et-Un;Rue Garon
8;Quartier;Des Vingt-et-Un;Rue George Sand
8;Quartier;Des Vingt-et-Un;Rue Henri Troyat
8;Quartier;Des Vingt-et-Un;Rue Jacques-Ferron
8;Quartier;Des Vingt-et-Un;Rue Jean-Paul Sartre
8;Quartier;Des Vingt-et-Un;Rue Jean-de Lauzon
8;Quartier;Des Vingt-et-Un;Rue Jules -Verne
8;Quartier;Des Vingt-et-Un;Rue Lindbergh
8;Quartier;Des Vingt-et-Un;Rue Malherbe
8;Quartier;Des Vingt-et-Un;Rue Malraux
8;Quartier;Des Vingt-et-Un;Rue Marcel-Portal
8;Quartier;Des Vingt-et-Un;Rue Maupassant
8;Quartier;Des Vingt-et-Un;Rue Mauriac
8;Quartier;Des Vingt-et-Un;Rue Monfette
8;Quartier;Des Vingt-et-Un;Rue Montaigne
8;Quartier;Des Vingt-et-Un;Rue Néron
8;Quartier;Des Vingt-et-Un;Rue Pagnol
8;Quartier;Des Vingt-et-Un;Rue Paul Morand
8;Quartier;Des Vingt-et-Un;Rue R. E. Joron
8;Quartier;Des Vingt-et-Un;Rue Rabelais
8;Quartier;Des Vingt-et-Un;Rue Rimbaud
8;Quartier;Des Vingt-et-Un;Rue Rodolphe Pagé
8;Quartier;Des Vingt-et-Un;Rue Romain Gary
8;Quartier;Des Vingt-et-Un;Rue Sagan
8;Quartier;Des Vingt-et-Un;Rue Saint-Urbain
8;Quartier;Des Vingt-et-Un;Rue Verlaine
8;Quartier;Des Vingt-et-Un;Rue Yves Thériault
8;Quartier;Des Vingt-et-Un;Rue Zola
8;Quartier;Des Vingt-et-Un;Rue d'Angoulème
8;Quartier;Des Vingt-et-Un;Rue de Château-Richer
8;Quartier;Des Vingt-et-Un;Rue de Crespieul
8;Quartier;Des Vingt-et-Un;Rue de La Malbaie
8;Quartier;Des Vingt-et-Un;Rue de l'Intendant
8;Quartier;Des Vingt-et-Un;Rue de la Caniapiscau
8;Quartier;Des Vingt-et-Un;Rue de la Fonderie
8;Quartier;Des Vingt-et-Un;Rue de la Manic
8;Quartier;Des Vingt-et-Un;Rue de la Place Royale
8;Quartier;Des Vingt-et-Un;Rue de la Rupert
8;Quartier;Des Vingt-et-Un;Rue des Cent-Associés
8;Quartier;Des Vingt-et-Un;Rue des Roitelets
8;Quartier;Des Vingt-et-Un;Rue des Vingt-et-Un
8;Quartier;Des Vingt-et-Un;Rue du Cabernet
8;Quartier;Des Vingt-et-Un;Rue du Chardonnay
8;Quartier;Des Vingt-et-Un;Rue du Domaine-des-Cépages
8;Quartier;Des Vingt-et-Un;Rue du Domaine-du-Roi
8;Quartier;Des Vingt-et-Un;Rue du Domaine-du-Vignoble
8;Quartier;Des Vingt-et-Un;Rue du Muscadet
8;Quartier;Des Vingt-et-Un;Rue du Portage
8;Quartier;Des Vingt-et-Un;Rue du Sauvignon
8;Quartier;Des Vingt-et-Un;Rue du Syrah
8;Quartier;Des Vingt-et-Un;Rue Élisabeth-Riverin
8;Quartier;Des Vingt-et-Un;Rue Émile-Couture
8;Quartier;Des Vingt-et-Un;Rue Émile-Nelligan
8;Quartier;Des Vingt-et-Un;rue du Merlot
9;Quartier;Murdock;Chemin Sydenham
9;Quartier;Murdock;Chemin des Chutes
9;Quartier;Murdock;Côte de la Terre-Forte
9;Quartier;Murdock;Place Copernic
9;Quartier;Murdock;Place Einstein
9;Quartier;Murdock;Rue Albani
9;Quartier;Murdock;Rue Amyot
9;Quartier;Murdock;Rue Baillargeon
9;Quartier;Murdock;Rue Basile-Villeneuve
9;Quartier;Murdock;Rue Beauchamp
9;Quartier;Murdock;Rue Blanchard
9;Quartier;Murdock;Rue Bouchette
9;Quartier;Murdock;Rue Bécard
9;Quartier;Murdock;Rue Chabanel
9;Quartier;Murdock;Rue Chaperon
9;Quartier;Murdock;Rue Charles-Huot
9;Quartier;Murdock;Rue Chopin
9;Quartier;Murdock;Rue D'Argenson
9;Quartier;Murdock;Rue D'Avaugour
9;Quartier;Murdock;Rue D'Iberville
9;Quartier;Murdock;Rue D.-V.-Morrier
9;Quartier;Murdock;Rue Derfla
9;Quartier;Murdock;Rue Des Roitelets
9;Quartier;Murdock;Rue Duberger
9;Quartier;Murdock;Rue Gaudiose-Brassard
9;Quartier;Murdock;Rue Gounod
9;Quartier;Murdock;Rue Graham-Bell
9;Quartier;Murdock;Rue Grandin
9;Quartier;Murdock;Rue Hector-Champagne
9;Quartier;Murdock;Rue Huard
9;Quartier;Murdock;Rue Jacques Cartier
9;Quartier;Murdock;Rue Jacques-Cartier Est
9;Quartier;Murdock;Rue Jacques-Frémin
9;Quartier;Murdock;Rue Joseph-Dandurand
9;Quartier;Murdock;Rue Joseph-Durand
9;Quartier;Murdock;Rue Judith-Jasmin
9;Quartier;Murdock;Rue Lacombe
9;Quartier;Murdock;Rue Lorenzo-Genest
9;Quartier;Murdock;Rue Louis-Hémon
9;Quartier;Murdock;Rue Létondal
9;Quartier;Murdock;Rue Marguerite-Tellier
9;Quartier;Murdock;Rue Maria-Chapdelaine
9;Quartier;Murdock;Rue Marie-Curie
9;Quartier;Murdock;Rue Marie-Victorin
9;Quartier;Murdock;Rue Massenet
9;Quartier;Murdock;Rue Morel
9;Quartier;Murdock;Rue Mozart
9;Quartier;Murdock;Rue Murdock
9;Quartier;Murdock;Rue Newton
9;Quartier;Murdock;Rue Nobel
9;Quartier;Murdock;Rue Papineau
9;Quartier;Murdock;Rue Pierre-Bédard
9;Quartier;Murdock;Rue Pierre-Laure
9;Quartier;Murdock;Rue Provencher
9;Quartier;Murdock;Rue Radisson
9;Quartier;Murdock;Rue Salazar
9;Quartier;Murdock;Rue Scott
9;Quartier;Murdock;Rue Thomas-Edison
9;Quartier;Murdock;Rue Thérèse-Casgrain
9;Quartier;Murdock;Rue Turgeon
9;Quartier;Murdock;Rue d'Alma
9;Quartier;Murdock;Rue de Longchamp
9;Quartier;Murdock;Rue de Sales
9;Quartier;Murdock;Rue de Tilly
9;Quartier;Murdock;Rue de Tracy
9;Quartier;Murdock;Rue de l'Acadie
9;Quartier;Murdock;Rue de la Fondation
9;Quartier;Murdock;Rue des Augustines
9;Quartier;Murdock;Rue des Champs-Élysées
9;Quartier;Murdock;Rue des Franciscaines
9;Quartier;Murdock;Rue des Hospitalières
9;Quartier;Murdock;Rue des Étudiants
9;Quartier;Murdock;Rue du Carrousel
9;Quartier;Murdock;Rue du Cénacle
9;Quartier;Murdock;Rue du Nouy
9;Quartier;Murdock;Rue du Père-Champagnat
9;Quartier;Murdock;Rue du Père-Lacasse
9;Quartier;Murdock;Rue le May
9;Quartier;Murdock;Sentier Val-Lombrette
9;Quartier;Murdock;Sentier des Moulins Est
9;Quartier;Murdock;Voie réservée Cégep de Chicoutimi
9;Quartier;Murdock;Voie réservée UQAC
